<?xml version="1.0" encoding="UTF-8" standalone="yes"?>
<addon id="plugin.program.thesgwizard" name="SG WIZARD" version="0.1.7" provider-name="SG">
  <requires>
    <import addon="xbmc.python" version="2.1.0"/>
  </requires>
  <extension point="xbmc.python.pluginsource" library="default.py">
    <provides>executable</provides>
  </extension>
  <extension point="xbmc.service" library="startup.py" start="startup" />
  <extension point="xbmc.addon.metadata">
    <summary lang="en">SG WIZARD</summary>
    <description lang="en">WELCOME TO THE SG BUILDS WIZARD ENJOY</description>
    <platform>all</platform>
  </extension>
</addon>